{"cameraMode":{"drawMode":0,"name":"Shaded","section":"Shading Mode"},"sceneLighting":true,"audioPlay":false,"sceneViewState":{"m_AlwaysRefresh":false,"showFog":true,"showSkybox":true,"showFlares":true,"showImageEffects":true,"showParticleSystems":true,"showVisualEffectGraphs":true,"m_FxEnabled":true},"in2DMode":false,"pivot":{"x":0.598818302154541,"y":-2.521726608276367,"z":-1.418344497680664},"rotation":{"x":-0.25805020332336428,"y":0.007822108455002308,"z":-0.002091385191306472,"w":-0.9661065340042114},"size":11.411661148071289,"orthographic":false}